model,accuracy,f1_macro,precision_macro,recall_macro
Logistic Regression,0.616822429906542,0.6062910861322385,0.6209543546528226,0.6112012987012987
Linear SVM,0.6043613707165109,0.6014361867238274,0.603483515506976,0.6018790341395133
Naive Bayes,0.6121495327102804,0.599974976227416,0.6170366795366795,0.6060784275604635
